Lkr;Einwohner;16. Mrz;17. Mrz;18. Mrz;19. Mrz;20. Mrz;21. Mrz;22. Mrz;23. Mrz;24. Mrz;25. Mrz;26. Mrz;27. Mrz;28. Mrz;29. Mrz;30. Mrz;31. Mrz;01. Apr;02. Apr;03. Apr;04. Apr;05. Apr;06. Apr;07. Apr;08. Apr;09. Apr;10. Apr;11. Apr;12. Apr;13. Apr;14. Apr;15. Apr;16. Apr;17. Apr;18. Apr;19. Apr;20. Apr;21. Apr;22. Apr;23. Apr;24. Apr;25. Apr;26. Apr;27. Apr;28. Apr;29. Apr;30. Apr;01. Mai;02. Mai;03. Mai;04. Mai;05. Mai;06. Mai;07. Mai;08. Mai;09. Mai;10. Mai;11. Mai;12. Mai;13. Mai;14. Mai;15. Mai;16. Mai;17. Mai;18. Mai;19. Mai;20. Mai;21. Mai;22. Mai;23. Mai;24. Mai;25. Mai;26. Mai;27. Mai;28. Mai;29. Mai;30. Mai;31. Mai
Aichach-Friedberg;133596;1;1;1;1;2;2;2;2;4;4;7;7;8;9;9;8;9;8;8;7;7;7;7;7;7;7;7;6;6;5;5;3;4;4;4;4;3;2;3;2;1;1;1;1;2;1;1;1;1;1;1;0;0;0;0;0;0;1;1;1;1;0;0;0;0;0;0;0;0;0;0;0;0;0;1;0;0
Altötting;111210;0;0;0;1;2;2;3;5;5;7;8;8;10;10;11;13;13;15;16;18;20;19;23;22;23;24;24;22;20;14;12;12;14;13;12;14;15;16;10;8;6;6;5;5;4;4;3;3;2;2;1;1;1;1;1;1;1;1;0;0;0;0;0;1;1;1;1;1;0;0;0;0;0;0;0;1;1
Amberg(kreisfreie Stadt);41970;0;1;1;1;1;1;1;2;1;2;2;2;2;2;1;4;4;5;6;9;9;9;8;8;8;6;5;5;5;5;5;4;4;4;4;4;2;3;2;2;2;2;2;2;1;1;1;1;0;0;2;2;2;2;3;3;3;1;1;1;1;1;1;0;1;1;1;1;1;1;1;1;0;0;1;1;1
Amberg-Sulzbach;103109;0;2;2;2;2;2;2;4;2;3;4;4;5;5;4;6;7;8;10;12;12;12;15;17;17;20;23;23;23;20;18;16;12;9;9;9;6;11;11;10;9;9;9;10;4;3;3;2;2;2;1;1;2;1;2;2;2;3;2;2;2;1;1;1;1;2;2;2;1;1;1;2;2;1;1;2;1
Ansbach;183949;0;0;0;0;0;2;2;3;3;4;6;7;7;6;8;9;11;10;10;10;11;9;9;8;8;8;6;7;6;7;6;5;6;6;5;7;7;8;7;6;7;6;4;4;4;5;4;3;3;3;2;2;2;2;2;2;2;2;2;2;2;1;1;1;1;2;1;1;1;1;1;1;1;1;0;0;0
Ansbach(kreisfreie Stadt);41847;0;0;0;1;1;1;1;1;2;2;2;4;5;5;5;6;6;7;6;8;10;13;13;14;13;14;11;10;7;5;4;3;4;4;3;4;4;6;7;5;6;5;5;8;7;8;6;8;8;9;5;5;3;4;1;2;2;2;1;2;1;2;1;1;1;1;1;1;0;0;0;1;0;0;0;0;0
Aschaffenburg;174208;0;1;2;2;2;3;4;4;3;4;4;5;5;5;6;6;6;7;8;9;10;10;10;12;11;10;10;10;9;9;8;8;9;8;7;6;6;6;5;4;4;3;3;3;2;2;2;2;1;1;1;1;1;1;1;1;1;1;1;1;1;1;1;1;1;1;1;1;1;1;1;1;1;1;1;1;1
Aschaffenburg(kreisfreie Stadt);70527;1;4;4;4;4;3;4;4;2;2;2;3;4;4;4;4;4;6;5;5;4;5;6;6;5;4;4;4;3;3;2;2;3;2;2;2;2;1;1;1;1;1;1;2;2;2;1;1;1;0;1;0;0;0;1;1;1;0;0;0;0;0;0;0;0;0;0;0;0;0;0;0;0;0;0;0;0
Augsburg;251534;1;0;1;1;2;2;2;2;3;3;5;5;5;5;6;5;5;5;5;5;5;5;6;5;5;5;5;6;4;3;2;2;2;2;1;1;1;1;1;1;1;1;1;1;1;1;1;1;1;0;0;0;0;0;0;0;0;0;0;0;0;0;0;0;0;0;0;0;0;0;0;0;0;0;0;0;0
Augsburg(kreisfreie Stadt);295135;0;1;1;1;2;2;2;2;3;2;3;3;4;5;5;5;5;4;4;5;4;4;4;5;5;4;3;3;3;2;2;1;1;1;2;2;2;3;2;2;2;1;1;1;1;1;1;1;1;1;1;1;1;1;0;0;0;0;0;0;0;0;0;0;0;0;0;0;0;0;0;0;0;0;0;1;0
Bad Kissingen;103218;0;1;1;1;1;2;2;2;2;2;3;5;6;7;7;7;10;11;10;9;9;8;8;7;6;6;4;6;6;7;6;6;6;7;6;6;5;3;3;2;2;2;2;2;2;2;2;2;2;2;1;1;1;0;0;0;0;1;1;1;1;2;2;2;1;1;1;1;1;0;0;0;0;0;0;0;0
Bad Tölz-Wolfratshausen;127227;1;1;1;2;3;4;4;5;6;7;9;11;11;10;12;12;12;12;12;12;14;12;12;14;12;12;11;9;10;8;5;4;4;3;3;3;4;5;5;3;3;2;2;1;1;1;1;1;1;1;1;1;1;1;1;1;1;0;0;0;0;0;0;0;0;1;0;0;0;0;0;0;1;1;1;1;1
Bamberg;147086;1;1;1;1;3;3;3;3;4;7;9;10;10;10;10;13;10;11;9;10;10;13;10;12;10;9;8;8;6;5;4;3;2;3;3;3;3;2;2;2;2;1;2;1;1;1;1;1;1;0;1;1;1;0;1;1;1;1;1;1;1;1;1;0;0;0;0;0;0;0;0;1;1;1;1;1;1
Bamberg(kreisfreie Stadt);77592;0;0;1;2;4;4;4;4;4;4;5;6;6;6;6;9;9;8;6;6;6;9;7;8;7;8;8;8;5;4;6;5;4;5;5;7;8;5;5;5;5;4;2;1;1;1;1;1;1;1;1;1;1;0;0;0;0;0;0;0;0;0;0;0;0;0;0;0;0;0;1;1;1;1;1;1;1
Bayreuth;103656;0;0;0;1;1;2;3;3;4;5;5;9;10;10;11;10;10;11;10;12;12;12;14;14;16;14;12;12;13;11;12;9;11;10;10;10;9;7;7;5;5;4;3;4;4;2;2;2;2;2;2;2;2;2;2;2;2;2;2;2;1;2;1;1;1;0;0;0;0;0;0;0;0;0;0;1;1
Bayreuth(kreisfreie Stadt);74657;0;0;0;0;0;1;1;1;2;4;4;7;8;7;8;9;8;8;7;8;9;9;9;10;13;12;9;9;9;8;7;5;5;5;5;4;4;3;4;3;4;3;3;4;4;3;2;2;2;2;2;1;2;2;2;2;2;2;2;1;1;1;1;1;1;1;0;0;0;0;0;0;0;0;0;0;0
Berchtesgadener Land;105722;0;1;1;1;1;1;1;1;1;4;5;7;8;8;10;9;7;9;9;10;11;10;9;10;11;8;8;7;8;7;6;4;7;6;5;5;6;6;5;2;4;4;3;2;2;1;1;0;0;0;0;0;2;2;2;2;2;2;2;0;1;1;1;1;1;1;2;2;1;1;1;1;1;0;0;0;0
Cham;127882;1;2;2;2;2;3;5;6;6;6;8;9;11;8;10;10;13;13;14;13;14;14;15;13;12;11;9;8;6;6;4;4;2;3;3;3;3;3;2;2;2;2;2;2;2;3;3;2;2;2;2;2;1;1;1;1;1;1;1;0;0;0;0;0;0;0;1;1;1;1;1;1;1;1;1;0;0
Coburg;86906;1;1;1;2;3;3;4;5;4;3;4;3;2;3;3;3;4;4;5;5;5;5;5;5;6;5;5;3;2;9;9;8;9;10;10;10;3;4;3;2;3;4;5;5;4;4;5;4;3;2;2;2;2;1;2;2;2;2;3;7;7;6;8;8;11;10;7;7;6;5;6;4;5;5;4;6;5
Coburg(kreisfreie Stadt);41249;0;0;0;0;0;0;0;0;0;3;5;5;5;6;8;8;4;3;3;3;5;3;3;3;5;5;5;2;2;3;3;2;2;4;4;4;3;3;3;2;2;1;1;1;1;1;1;1;1;2;2;2;2;2;1;1;1;1;1;4;4;3;3;3;5;4;2;3;4;4;5;4;4;4;4;3;3
Dachau;153884;1;1;1;1;4;4;4;5;6;7;11;10;12;12;12;12;18;18;22;20;27;26;25;20;19;15;20;14;12;14;11;13;13;8;8;13;11;11;9;9;11;11;7;8;9;6;6;4;4;5;4;3;4;3;3;3;3;2;3;2;2;2;2;1;1;0;0;-1;0;0;0;0;1;2;1;0;0
Deggendorf;119326;1;2;3;3;4;5;6;6;5;5;6;7;8;7;7;7;7;7;6;4;4;4;4;5;4;5;5;5;6;5;4;4;4;3;5;4;4;4;4;4;4;3;3;3;3;3;2;2;2;2;2;2;2;1;1;1;1;1;1;2;3;3;3;3;3;2;2;1;1;1;1;1;1;1;1;1;1
Dillingen an der Donau;96021;0;0;0;0;1;1;1;3;3;3;4;3;4;4;5;5;5;5;7;7;8;6;6;7;6;5;4;7;10;11;10;11;10;12;8;6;6;5;5;5;4;5;4;4;4;5;5;4;3;3;3;3;1;1;1;1;1;1;1;1;1;1;1;1;1;0;1;1;1;1;1;1;1;1;1;0;0
Dingolfing-Landau;96217;2;2;2;2;2;3;3;4;4;4;6;7;7;8;8;8;8;5;6;7;5;6;6;6;7;5;4;4;3;3;3;2;3;3;3;2;2;3;3;3;3;3;3;2;1;1;1;1;1;1;1;1;1;1;0;1;1;1;1;1;1;1;1;1;1;1;0;0;0;0;0;0;0;0;1;1;1
Donau-Ries;133496;0;1;1;0;1;1;1;1;2;3;5;5;6;7;8;7;6;7;9;11;12;14;15;15;14;12;9;7;5;4;3;3;3;3;3;3;3;4;3;4;4;4;4;4;3;3;2;2;1;1;1;1;1;0;0;0;0;0;0;1;0;0;0;0;1;1;0;0;0;1;1;0;1;1;1;1;1
Ebersberg;142142;1;2;2;3;2;3;3;3;4;5;8;9;10;12;12;12;12;11;11;12;11;11;10;9;9;10;8;7;7;7;6;7;4;4;4;4;4;4;3;4;4;4;4;4;4;5;4;3;3;3;2;2;1;1;1;1;1;1;2;3;3;3;3;3;2;2;1;1;0;0;0;0;0;1;1;1;1
Eichstätt;132341;0;0;0;1;1;1;2;2;2;3;3;4;4;5;5;6;6;7;6;8;6;6;7;6;6;7;7;6;6;5;5;5;5;4;5;5;5;5;5;4;4;3;3;2;2;2;2;2;1;1;1;1;1;1;1;1;1;1;1;1;1;0;0;0;0;1;1;0;0;0;0;1;0;0;0;0;0
Erding;137660;2;2;2;3;4;6;6;9;11;12;14;17;18;20;19;19;19;18;16;16;15;13;12;12;12;10;10;9;9;9;8;6;6;4;4;4;4;4;3;4;3;3;3;3;3;3;2;2;2;2;2;1;2;2;2;2;2;1;2;1;1;1;1;1;1;0;0;0;0;0;0;1;0;1;1;1;1
Erlangen(kreisfreie Stadt);111962;0;-1;0;0;1;2;2;2;2;2;3;4;3;4;4;4;4;5;4;6;6;7;7;8;7;9;7;6;5;7;7;8;8;8;8;8;6;5;4;2;2;2;2;2;2;2;2;2;2;2;2;1;1;1;1;1;1;1;1;1;1;1;0;0;1;1;1;1;1;1;1;1;0;0;0;0;0
Erlangen-Höchstadt;136271;1;1;1;1;1;1;2;2;2;2;2;3;3;3;3;4;4;5;5;6;7;8;8;8;8;10;8;7;6;6;5;3;1;0;0;0;0;0;1;1;1;1;1;1;1;1;0;0;0;0;0;0;0;1;1;0;0;0;0;1;3;3;3;3;4;4;3;1;1;1;1;0;0;0;0;0;0
Forchheim;116099;0;1;1;2;2;2;2;3;3;3;3;5;7;7;7;7;9;9;7;7;8;7;7;6;5;5;4;3;3;3;3;4;3;3;3;3;3;2;1;1;0;0;0;0;0;0;0;0;0;0;0;0;0;1;1;1;1;1;1;1;0;0;0;0;0;0;0;0;0;0;0;0;0;0;0;0;0
Freising;179116;3;3;4;6;9;10;11;13;13;15;16;15;18;17;17;18;18;21;21;20;20;19;19;18;13;15;14;13;12;11;9;9;6;5;5;5;5;3;4;3;3;2;2;2;3;2;2;2;2;2;1;0;0;0;0;0;1;1;2;2;2;2;2;2;2;1;1;1;1;1;1;1;0;-3;-2;-2;-2
Freyung-Grafenau;78355;0;1;1;3;1;2;2;3;2;4;4;6;9;13;12;13;11;11;10;7;4;5;5;5;4;5;5;5;5;4;5;5;4;5;5;3;3;3;3;3;3;3;3;4;3;4;4;3;2;2;1;1;1;1;1;1;1;1;1;1;0;0;0;0;1;0;0;0;0;0;0;0;0;0;0;0;0
Fürstenfeldbruck;219320;1;1;1;1;2;2;2;2;5;6;9;12;13;13;18;15;16;15;14;14;16;13;14;14;13;11;11;9;8;7;6;5;5;5;4;4;5;4;4;4;4;4;4;4;4;3;3;3;3;3;2;2;2;3;3;3;3;2;2;2;1;1;1;1;1;1;2;2;2;2;2;2;1;1;1;0;0
Fürth;117387;0;0;0;0;1;1;2;2;2;3;5;7;7;7;8;13;15;15;14;20;19;22;20;20;18;19;12;12;10;8;7;8;6;8;8;7;8;8;7;7;6;6;5;5;4;4;3;3;3;3;1;2;1;1;1;1;1;2;1;1;1;1;1;1;1;1;1;1;1;0;0;0;0;0;0;0;0
Fürth(kreisfreie Stadt);127748;1;1;1;1;1;1;2;2;2;2;3;3;4;6;6;6;7;7;6;10;8;10;12;13;12;13;8;8;6;6;4;4;4;5;5;5;5;6;7;6;6;6;5;6;4;3;4;3;4;4;4;4;4;3;2;2;2;2;1;1;1;1;1;1;1;1;1;1;1;0;0;1;1;1;1;1;1
Garmisch-Partenkirchen;88467;0;0;1;3;4;5;6;7;7;8;7;8;9;9;10;11;11;10;10;14;14;12;11;11;11;10;5;4;4;4;4;3;4;4;5;5;5;4;5;4;4;3;3;3;3;2;1;1;1;1;1;1;1;1;2;2;2;1;1;1;0;0;1;1;2;2;2;1;1;0;0;0;0;0;0;0;0
Günzburg;125747;0;0;0;10;3;3;3;3;3;3;-7;3;5;7;9;9;9;9;5;8;5;5;6;7;7;7;4;4;3;3;3;3;4;3;4;3;3;2;2;1;1;1;1;1;1;1;1;1;1;1;1;1;1;1;1;1;1;1;1;1;1;1;0;0;0;0;0;0;0;0;0;0;0;0;0;0;0
Haßberge;84599;1;1;1;1;2;2;2;2;2;3;4;3;4;5;5;6;7;7;7;7;7;7;5;4;4;4;4;3;3;3;3;4;3;3;5;5;5;5;5;4;4;2;2;2;2;1;1;1;1;1;1;1;1;1;0;0;0;0;0;0;0;0;0;0;0;0;0;0;0;0;0;0;0;0;1;1;1
Hof;95311;0;1;1;1;3;4;4;4;6;7;8;8;7;9;10;9;9;10;14;16;16;15;16;19;17;13;11;10;12;9;6;8;8;9;8;8;8;8;5;9;8;9;7;6;7;8;3;4;4;4;4;4;3;4;2;2;2;2;2;2;1;1;2;2;2;1;2;2;3;3;3;4;4;3;3;-3;-4
Hof(kreisfreie Stadt);45930;1;1;1;2;2;3;3;2;3;3;3;4;4;5;7;8;9;9;10;11;11;8;8;7;6;6;5;6;7;7;7;7;6;5;4;3;3;2;2;3;2;2;2;2;2;2;1;1;1;1;1;0;0;0;0;0;0;1;1;1;1;1;1;1;1;1;1;2;2;2;2;2;2;2;0;9;9
Ingolstadt(kreisfreie Stadt);136981;0;0;0;0;0;0;0;0;1;1;3;3;5;7;7;6;7;8;11;12;10;14;14;17;16;14;10;13;10;11;8;6;8;9;6;6;5;5;6;5;4;4;4;3;3;2;2;2;2;2;1;1;1;1;1;1;1;1;1;2;2;1;2;2;1;1;1;1;2;2;1;1;2;2;2;1;1
Kaufbeuren(kreisfreie Stadt);43893;0;1;1;1;1;1;2;2;1;2;3;4;4;8;8;8;7;9;9;11;8;10;10;11;9;9;7;7;5;6;5;5;6;7;5;6;5;4;4;2;2;2;2;2;3;2;2;1;1;1;1;1;0;0;1;1;1;1;1;1;1;0;0;0;0;0;0;0;0;1;1;1;1;1;1;1;0
Kelheim;122258;0;0;1;1;2;3;4;5;6;6;7;8;9;10;9;9;11;14;15;16;16;16;17;15;14;13;12;11;10;9;9;7;6;5;4;5;4;4;5;5;5;4;4;4;3;2;2;1;1;1;1;1;1;0;0;0;0;0;0;0;0;0;0;0;1;1;0;0;0;0;0;0;0;0;0;0;0
Kitzingen;90909;1;1;1;1;2;1;2;2;1;1;2;2;3;3;2;2;4;3;2;3;5;5;6;6;6;6;5;3;3;3;2;2;2;1;1;2;3;3;6;8;8;8;8;7;11;8;6;6;5;6;6;3;3;2;2;2;1;1;1;1;0;0;0;0;0;0;-1;0;0;0;0;0;0;0;0;0;0
Kempten(kreisfreie Stadt);68907;0;0;0;0;0;0;0;0;0;0;6;6;7;8;8;9;9;3;4;4;3;3;3;4;5;4;7;8;7;7;6;6;6;3;2;2;2;2;1;1;1;1;1;0;0;0;0;0;0;0;0;0;0;0;0;0;0;0;0;0;0;0;0;0;0;0;0;0;0;0;0;0;0;0;0;0;0
Kronach;67135;0;1;1;1;1;3;2;3;4;4;5;6;7;7;7;6;6;5;5;4;5;4;4;4;6;6;6;5;5;5;5;4;4;3;4;4;5;6;6;5;5;3;3;3;2;3;2;3;3;3;3;2;2;2;3;2;2;2;1;2;2;1;1;1;1;1;1;1;1;0;0;0;0;0;1;1;1
Kulmbach;71845;0;0;2;2;2;3;4;4;5;6;6;8;9;8;8;8;9;10;8;8;9;10;9;8;7;9;7;9;8;9;9;8;6;7;5;5;4;3;3;4;3;3;3;4;4;6;5;5;6;6;6;5;4;4;5;3;3;3;3;2;2;1;1;1;1;0;0;0;0;0;0;1;1;1;1;1;1
Landsberg am Lech;120071;0;1;1;1;2;2;5;5;5;5;9;11;10;10;10;10;12;9;8;11;11;10;12;12;13;12;8;8;7;6;4;3;3;3;2;2;2;2;3;3;3;2;2;2;3;1;1;1;1;1;1;1;1;1;2;2;2;2;2;2;2;1;1;1;1;1;1;1;1;1;0;1;0;0;0;0;0
Landshut;158698;1;1;2;3;5;6;8;9;10;10;11;13;12;12;13;13;13;15;13;15;14;15;15;16;15;14;13;14;11;10;8;8;6;8;6;7;7;5;4;5;3;3;2;2;3;3;1;2;2;2;2;1;2;2;1;1;1;1;0;0;0;0;0;0;0;0;0;0;0;0;0;0;0;0;0;1;1
Landshut(kreisfreie Stadt);72404;1;1;1;2;5;5;6;7;7;7;7;9;9;9;11;12;16;18;15;16;15;13;12;12;13;12;11;13;12;12;8;7;7;7;5;6;5;5;2;2;2;2;2;2;2;3;2;3;3;2;2;1;1;1;1;1;1;0;1;1;1;1;1;1;1;0;0;0;0;0;0;0;0;0;0;0;0
Lichtenfels;66838;0;1;1;1;1;1;4;4;5;5;9;10;11;12;12;12;13;13;12;12;11;10;11;10;8;7;6;4;6;5;6;4;5;6;6;6;6;6;6;5;4;4;2;2;1;2;2;2;2;2;2;4;3;3;3;2;3;2;1;2;4;4;5;4;4;4;6;4;5;6;6;6;6;5;5;5;3
Lindau (Bodensee);81669;2;2;3;3;5;4;6;6;6;8;10;10;11;9;12;13;11;11;13;13;15;12;12;12;11;9;8;6;6;6;4;5;3;3;2;2;1;2;1;1;1;1;1;0;1;0;0;0;0;0;0;0;0;0;0;0;0;0;0;0;0;0;0;0;0;0;0;0;0;0;0;0;0;0;0;0;0
Main-Spessart;126365;0;1;1;1;1;1;1;1;1;2;3;3;4;5;5;5;5;5;5;5;6;5;6;5;5;4;4;3;3;3;3;3;2;2;2;1;1;1;0;0;0;0;0;0;0;0;0;0;0;0;0;0;0;0;0;0;0;0;0;0;0;0;0;0;0;0;0;0;0;0;0;0;0;0;0;0;0
Memmingen(kreisfreie Stadt);43837;0;1;1;3;3;4;5;5;5;6;5;4;4;4;4;4;3;3;3;2;5;5;4;4;3;3;3;0;2;2;2;2;2;2;2;1;1;1;1;1;1;1;1;0;0;0;1;0;0;1;1;1;1;0;0;0;0;0;0;0;0;0;0;0;0;0;0;0;0;0;0;0;0;0;0;0;0
Miesbach;99726;1;4;4;6;8;9;13;17;18;20;20;22;25;23;21;20;20;20;21;20;19;18;18;17;15;14;11;8;8;6;6;5;3;4;4;3;3;3;2;2;1;1;3;3;3;3;4;4;3;2;2;2;3;4;4;4;4;4;4;3;2;2;3;3;3;2;2;2;2;1;1;1;1;2;1;1;1
Miltenberg;128756;0;1;1;2;2;3;4;5;5;5;5;6;5;5;6;5;7;8;9;8;9;8;9;7;5;6;6;6;6;5;5;6;4;4;2;2;2;2;2;2;2;1;1;2;2;2;2;2;2;2;2;1;1;0;1;1;1;1;1;1;1;1;1;1;1;1;0;0;0;0;0;0;0;0;0;0;0
Mühldorf am Inn;115250;0;0;1;1;2;2;4;5;5;6;8;8;10;11;13;14;13;15;18;20;18;17;17;18;18;16;10;10;13;12;10;10;9;9;10;7;7;7;4;3;4;4;3;3;4;4;4;3;3;3;2;1;1;1;2;2;2;1;1;1;0;0;0;0;0;0;0;0;0;0;0;0;0;0;0;0;0
München;348871;2;2;4;4;7;8;9;8;8;9;11;10;9;12;12;14;14;14;12;16;12;11;12;11;11;11;8;9;9;7;6;5;6;4;5;4;3;5;4;4;3;2;2;3;3;3;3;3;4;4;3;3;2;2;2;2;2;1;1;1;1;1;1;1;1;1;1;1;1;1;1;1;1;1;1;1;1
München(Landeshauptstadt);1471508;1;1;2;2;4;4;4;10;11;10;12;11;12;14;10;11;13;13;13;15;13;12;12;10;8;9;7;10;9;8;10;11;9;9;7;6;6;5;5;5;4;4;4;4;4;4;4;3;3;4;4;3;3;3;3;3;2;2;2;3;3;2;2;3;2;1;1;1;1;1;1;1;1;1;1;1;1
Neu-Ulm;174200;1;1;1;1;2;2;4;5;5;5;6;5;6;6;5;6;7;8;10;9;9;9;10;10;9;8;7;7;7;6;5;4;7;6;5;6;5;4;4;2;2;2;2;2;1;1;0;0;-1;-1;-1;1;1;0;1;1;1;0;0;1;1;1;1;1;1;1;0;0;0;0;0;0;0;0;0;0;0
Neuburg-Schrobenhausen;96680;0;0;0;0;1;3;4;4;5;6;8;7;6;6;7;8;8;7;8;8;7;6;7;7;10;8;11;11;11;10;9;6;7;4;4;4;4;6;6;5;6;6;6;6;4;3;3;3;4;4;3;3;5;4;4;3;3;3;3;1;2;2;1;1;1;1;3;2;2;2;2;2;1;0;0;0;0
Neumarkt in der Oberpfalz;133561;1;1;2;2;2;1;1;1;3;3;3;3;5;7;7;6;7;8;9;7;7;6;6;6;6;5;4;3;6;10;8;7;8;10;10;7;6;7;7;7;6;6;6;5;4;4;3;2;2;2;1;1;1;1;1;1;1;1;1;1;0;0;0;0;1;1;1;1;1;1;1;0;0;1;1;0;0
Neustadt an der Aisch-Bad Windsheim;100364;0;0;0;0;0;1;1;2;3;3;4;4;5;6;5;5;5;5;6;5;6;7;7;7;6;6;6;4;6;7;7;7;8;7;8;10;9;8;7;6;6;5;1;1;1;1;0;0;0;0;0;0;0;0;0;0;0;2;3;3;4;3;3;3;1;0;0;0;0;0;0;0;0;0;0;0;0
Neustadt an der Waldnaab;94352;0;0;0;0;0;0;4;4;5;8;11;15;18;19;23;27;28;33;37;38;38;36;32;35;33;30;27;23;23;23;17;16;13;15;17;16;15;17;15;16;13;11;12;12;10;9;7;6;6;4;4;3;2;1;2;2;2;2;2;2;2;1;1;2;1;2;2;2;2;2;2;1;2;1;1;1;1
Nürnberg(kreisfreie Stadt);518365;0;0;1;1;1;1;1;2;2;3;3;3;4;4;4;4;4;4;5;5;4;6;7;7;8;7;8;8;6;6;5;5;4;4;4;4;3;3;3;3;3;2;2;2;2;2;2;2;2;2;2;1;1;2;1;2;2;1;1;1;1;1;1;1;1;1;1;0;1;0;0;0;0;0;0;0;0
Nürnberger Land;170365;0;1;1;1;2;3;4;5;5;6;6;6;9;8;7;9;10;12;13;13;15;15;15;14;13;15;11;12;12;10;11;10;8;8;7;6;7;5;5;5;4;3;4;3;2;2;1;1;1;1;1;1;1;1;1;1;2;2;2;2;1;1;1;1;1;1;0;0;0;0;0;0;0;0;0;0;0
Oberallgäu;155362;2;2;2;2;4;4;3;3;3;4;2;2;2;2;3;3;2;4;4;4;3;3;4;4;4;4;3;3;2;1;1;1;1;1;1;1;1;1;1;0;0;0;0;0;0;0;0;0;0;0;0;0;0;0;0;0;0;0;0;0;0;0;0;0;0;0;0;0;0;0;0;0;0;0;0;1;1
Ostallgäu;140316;1;1;1;1;1;2;3;3;4;6;7;7;9;10;11;11;9;12;17;17;17;17;17;17;17;13;13;14;13;12;11;9;8;7;4;5;4;4;4;2;2;2;1;1;1;1;1;1;1;1;1;1;0;0;0;0;0;0;0;-1;0;0;0;0;0;0;0;0;0;0;0;0;0;0;0;0;0
Passau;192043;1;1;1;1;1;1;1;2;2;2;2;3;4;6;5;6;7;9;11;12;11;12;11;11;10;8;7;6;6;6;6;4;4;3;3;5;5;4;4;4;7;8;7;7;7;6;7;3;2;2;2;2;2;1;1;1;1;2;2;1;1;1;1;1;0;0;0;0;1;1;1;1;1;2;2;1;1
Passau(kreisfreie Stadt);52469;1;1;1;1;1;2;1;3;3;4;4;4;5;8;6;7;7;8;11;13;12;12;11;12;12;10;9;6;8;8;7;6;5;4;4;2;2;1;1;1;1;2;2;2;2;2;1;1;1;1;1;1;1;1;1;1;1;0;0;0;0;1;1;1;1;1;1;1;0;0;0;0;1;1;1;1;1
Pfaffenhofen an der Ilm;127151;1;1;1;1;2;1;1;2;2;3;4;4;6;9;8;9;10;11;13;12;11;11;12;12;11;10;10;9;9;7;6;5;5;3;3;2;3;3;2;2;2;2;2;2;2;2;2;1;1;1;1;1;1;1;1;1;1;1;1;1;2;1;1;1;1;1;2;1;1;1;1;1;1;1;1;1;1
Regen;77656;3;3;3;4;4;3;3;2;1;3;3;3;3;3;3;3;2;4;6;7;9;10;10;10;9;9;8;6;5;5;4;4;3;2;3;4;4;4;3;3;3;2;1;1;3;3;3;3;3;3;3;1;2;2;1;1;3;3;4;4;4;4;4;2;2;1;1;0;0;0;0;0;0;0;0;0;0
Regensburg;193572;0;1;1;3;3;4;5;6;5;5;5;5;5;5;5;6;6;6;7;8;8;9;9;10;10;9;7;7;6;5;3;3;3;4;3;3;3;2;2;2;1;1;1;1;1;1;1;1;1;1;1;1;2;1;2;2;2;2;1;1;1;1;1;1;1;1;1;1;1;1;1;1;1;1;1;1;2
Regensburg(kreisfreie Stadt);152610;1;2;2;4;6;6;7;8;8;7;7;6;7;7;6;6;7;8;8;9;10;12;12;12;11;11;9;8;6;5;4;3;3;4;3;3;4;3;4;4;4;3;3;3;3;2;2;1;1;1;2;3;3;4;4;4;4;3;2;2;1;2;2;2;2;2;6;6;6;7;11;11;11;7;7;7;7
Rhön-Grabfeld;79690;0;0;1;1;1;2;2;3;3;3;4;4;4;4;4;4;4;5;5;6;7;7;7;6;8;8;7;7;6;7;8;6;5;5;4;5;4;3;4;6;6;7;6;6;7;5;4;3;2;2;2;1;1;1;1;1;0;0;0;0;0;0;0;0;0;0;0;0;0;1;1;1;0;0;0;0;0
Rosenheim;260983;1;2;2;2;3;9;10;11;11;13;16;16;23;27;28;28;28;29;36;27;26;25;24;28;23;24;20;21;20;20;16;18;14;16;11;13;13;14;13;11;10;12;9;11;8;7;8;7;6;6;5;5;5;4;5;4;4;5;5;4;4;3;3;4;3;2;3;2;2;2;2;2;2;1;2;1;1
Rosenheim(kreisfreie Stadt);63324;0;0;0;0;0;0;2;11;11;12;16;16;25;25;17;18;17;15;18;16;18;17;16;20;18;21;15;19;19;19;18;19;17;20;13;15;15;14;18;21;18;18;16;18;15;12;8;7;8;8;8;8;6;4;9;9;9;8;9;9;8;4;2;3;2;1;0;0;0;0;0;0;0;1;1;1;1
Roth;126958;0;0;1;1;1;1;1;2;2;2;4;5;6;7;7;7;9;9;8;10;12;12;13;12;11;12;9;7;6;5;4;4;3;2;2;3;2;2;1;2;2;2;1;1;1;1;0;0;1;1;1;1;1;1;1;0;0;0;0;0;0;0;0;0;0;0;0;0;0;0;0;0;0;0;0;0;0
Rottal-Inn;120659;2;2;3;4;5;5;6;8;8;8;10;14;16;17;17;20;25;25;24;24;25;28;31;28;28;26;25;24;20;15;14;11;8;8;7;6;5;4;3;3;2;2;1;1;1;1;2;1;1;1;1;1;2;1;2;2;2;3;2;2;2;2;2;2;1;0;0;0;0;0;0;0;0;0;0;0;0
Schwabach(kreisfreie Stadt);40792;1;2;2;2;2;2;2;2;1;2;4;3;4;6;6;6;8;7;7;8;8;8;8;8;8;9;8;6;5;6;3;3;2;2;2;3;2;2;1;1;1;1;1;1;0;0;0;0;1;1;1;2;1;1;1;0;0;0;0;0;0;0;0;0;0;0;0;0;0;0;0;0;0;0;0;0;0
Schwandorf;147189;1;1;1;1;2;2;2;3;3;3;5;5;5;6;7;7;8;10;11;14;15;14;14;14;13;12;11;9;9;9;7;7;6;7;7;7;6;6;5;5;3;2;2;2;1;1;1;1;0;0;0;1;1;1;1;1;1;1;1;2;2;2;4;3;3;4;3;3;3;2;2;2;2;2;2;1;1
Schweinfurt;115106;1;1;2;2;2;3;4;4;5;5;6;7;5;6;7;9;9;9;12;13;14;13;15;15;15;17;18;17;17;14;13;12;7;6;7;6;6;6;8;8;7;7;7;6;6;4;4;3;2;2;2;1;2;1;1;2;2;2;2;1;1;1;1;2;2;2;2;1;1;1;1;1;1;1;2;2;2
Schweinfurt(kreisfreie Stadt);54032;0;0;1;1;1;1;1;2;2;2;3;4;4;6;6;11;12;12;11;13;12;12;10;10;10;11;12;12;12;10;9;8;6;6;5;4;4;4;5;6;6;6;6;5;5;5;5;3;3;3;3;3;2;0;0;0;0;0;0;0;0;0;0;0;0;0;0;0;0;0;0;0;1;1;2;2;2
Starnberg;136092;3;4;3;4;6;5;6;7;7;6;5;7;15;16;14;17;19;23;22;12;14;15;13;12;9;8;10;7;7;6;6;5;5;3;4;3;4;3;3;2;2;2;2;2;2;1;1;1;0;0;0;0;1;0;0;1;1;1;1;0;0;0;0;0;0;0;0;1;1;0;0;0;0;1;1;1;1
Straubing(kreisfreie Stadt);47794;1;1;2;3;5;5;8;11;11;10;11;12;15;12;11;14;18;21;22;25;30;27;25;26;25;25;21;18;18;19;13;19;19;20;19;21;22;22;22;24;22;20;19;19;18;9;3;5;5;4;4;4;5;5;3;4;4;3;4;4;4;8;7;7;7;7;5;5;1;1;1;1;2;2;2;2;2
Straubing-Bogen;100649;1;1;1;2;3;2;4;6;6;6;6;6;8;7;6;7;11;13;15;18;20;19;18;18;17;17;13;11;10;10;6;4;5;8;8;8;8;10;12;15;13;12;12;13;11;7;2;2;2;2;2;2;3;3;3;3;3;3;4;4;3;8;7;7;7;6;6;6;2;2;2;2;1;1;1;1;1
Tirschenreuth;72504;3;5;7;8;11;12;26;26;30;34;38;38;54;49;53;57;58;72;82;75;70;67;69;74;59;51;43;37;40;33;24;23;22;21;21;21;15;15;12;10;10;10;7;7;6;5;4;3;2;2;2;2;1;1;2;2;2;1;1;1;1;1;1;1;1;1;2;2;2;2;2;1;1;0;0;0;0
Traunstein;177089;1;1;1;1;2;3;4;4;5;5;8;9;10;11;13;14;15;16;16;19;21;20;20;21;20;24;25;22;21;21;19;18;16;13;15;14;15;15;16;14;11;13;13;13;12;13;14;14;11;11;9;8;6;5;5;5;5;4;5;3;1;1;1;1;1;1;1;1;1;1;1;1;2;1;1;1;1
Unterallgäu;144041;2;2;2;1;3;3;4;3;3;4;5;7;6;7;8;7;7;7;6;7;7;6;7;8;7;6;5;5;5;4;2;3;3;2;2;2;2;2;2;2;1;1;1;1;1;1;1;1;1;1;1;0;0;0;0;0;0;0;0;0;0;0;0;0;0;0;0;0;0;0;0;0;0;0;0;0;0
Weiden in der Oberpfalz(kreisfreie Stadt);42520;2;2;2;1;1;1;5;5;5;8;11;13;16;14;15;16;15;18;21;24;25;26;25;26;26;25;22;19;19;20;19;18;16;18;19;18;17;18;15;14;10;10;10;9;9;7;7;7;6;5;5;3;3;3;3;3;3;4;4;3;3;2;2;2;2;2;2;2;2;2;2;2;1;2;2;2;2
Weilheim-Schongau;135348;1;1;3;3;4;5;7;8;8;9;10;10;11;11;10;10;10;12;12;12;11;11;10;9;7;5;4;4;3;3;3;2;2;3;2;2;1;1;1;1;1;1;1;1;0;-1;-1;-1;-1;-1;-1;-1;0;0;0;0;0;0;0;0;0;0;0;0;0;0;1;1;2;2;2;2;1;1;1;0;0
Weißenburg-Gunzenhausen;94393;0;0;0;1;1;2;3;3;4;5;4;8;10;10;10;10;10;14;11;10;10;11;11;12;9;14;15;13;13;12;10;10;4;2;3;3;2;3;3;3;4;3;3;3;3;2;3;2;2;2;3;2;2;1;1;1;2;2;2;2;2;2;2;1;0;0;1;1;1;1;1;1;1;0;1;0;0
Wunsiedel im Fichtelgebirge;73178;0;1;2;3;3;4;9;10;12;12;13;19;23;21;26;26;32;34;35;41;46;43;43;39;41;41;31;25;22;21;19;13;12;11;11;11;10;9;10;6;5;7;6;7;7;7;6;5;3;3;2;2;2;2;2;2;2;2;2;1;3;3;3;2;2;2;2;0;0;1;1;1;1;1;1;1;0
Würzburg;161834;2;3;4;4;5;8;9;9;9;9;10;7;6;5;5;5;5;5;9;8;8;9;8;7;7;8;7;6;5;5;5;5;4;4;3;4;4;3;3;2;1;1;1;0;1;1;0;0;0;0;0;0;0;0;0;0;0;0;0;0;0;0;0;0;0;0;0;0;0;0;0;0;0;0;0;0;0
Würzburg(kreisfreie Stadt);127880;3;4;5;5;4;5;7;6;7;8;10;17;17;18;18;17;20;20;13;13;13;13;13;9;8;9;8;8;7;6;6;6;5;6;3;3;3;3;3;2;1;1;1;1;1;0;0;0;0;0;0;0;0;0;0;0;0;0;0;0;1;1;1;1;1;0;0;0;0;0;0;0;0;0;0;0;0
